outcome_name,outcome_label,estimator_name,estimator_label,period_name,observations,estimate_value,estimate_pct,estimate_ratio,lower_bound,upper_bound,p_value,interval_excludes_zero,estimated_incremental_net_revenue,marketing_spend,associated_return_after_spend,revenue_evidence,ticket_yield_evidence,causal_claim_allowed
net_demand,Net Demand,matched_block_bootstrap,Similar non-campaign dates,campaign_window,135,120.200000,9.789927,0.097899,98.695185,141.061667,,True,1622097.080000,127336.790000,11.738636,positive_associated_net_revenue_lift,mixed_ticket_yield_evidence,False
net_demand,Net Demand,regression_hac,Adjusted for observed factors,campaign_window,1096,6.130754,6.130754,0.061308,1.861995,10.578404,0.004501,True,1622097.080000,127336.790000,11.738636,positive_associated_net_revenue_lift,mixed_ticket_yield_evidence,False
net_demand,Net Demand,regression_hac,Adjusted for observed factors,pre_period_placebo,1096,-0.711665,-0.711665,-0.007117,-3.814129,2.490868,0.659249,False,1622097.080000,127336.790000,11.738636,positive_associated_net_revenue_lift,mixed_ticket_yield_evidence,False
net_revenue,Net Revenue,matched_block_bootstrap,Similar non-campaign dates,campaign_window,135,12015.533926,8.346901,0.083469,9703.225457,14296.018485,,True,1622097.080000,127336.790000,11.738636,positive_associated_net_revenue_lift,mixed_ticket_yield_evidence,False
net_revenue,Net Revenue,regression_hac,Adjusted for observed factors,campaign_window,1096,6.426830,6.426830,0.064268,2.244406,10.780342,0.002326,True,1622097.080000,127336.790000,11.738636,positive_associated_net_revenue_lift,mixed_ticket_yield_evidence,False
net_revenue,Net Revenue,regression_hac,Adjusted for observed factors,pre_period_placebo,1096,-0.991089,-0.991089,-0.009911,-4.125258,2.245538,0.543927,False,1622097.080000,127336.790000,11.738636,positive_associated_net_revenue_lift,mixed_ticket_yield_evidence,False
net_revenue_per_ticket,Net Revenue Per Ticket,matched_block_bootstrap,Similar non-campaign dates,campaign_window,135,-1.458519,-1.253668,-0.012537,-1.950309,-0.936706,,True,1622097.080000,127336.790000,11.738636,positive_associated_net_revenue_lift,mixed_ticket_yield_evidence,False
net_revenue_per_ticket,Net Revenue Per Ticket,regression_hac,Adjusted for observed factors,campaign_window,1096,0.279176,0.279176,0.002792,-0.264946,0.826267,0.315245,False,1622097.080000,127336.790000,11.738636,positive_associated_net_revenue_lift,mixed_ticket_yield_evidence,False
net_revenue_per_ticket,Net Revenue Per Ticket,regression_hac,Adjusted for observed factors,pre_period_placebo,1096,-0.281898,-0.281898,-0.002819,-0.662537,0.100199,0.147976,False,1622097.080000,127336.790000,11.738636,positive_associated_net_revenue_lift,mixed_ticket_yield_evidence,False
