target_date,forecast_horizon_days,forecast_created_date,training_end_date,demand_model_name,revenue_model_name,product_mix_model_name,product_yield_model_name,predicted_demand,demand_lower_bound,demand_upper_bound,available_capacity,forecast_capacity_utilization,upper_capacity_utilization,demand_target,forecast_demand_variance,forecast_demand_variance_pct,demand_status,demand_action_priority,capacity_watch_rank,demand_watch_rank,predicted_net_revenue,revenue_lower_bound,revenue_upper_bound,predicted_net_revenue_per_ticket,revenue_target,forecast_revenue_variance,forecast_revenue_variance_pct,lower_revenue_variance_pct,upper_revenue_variance_pct,is_weekend,holiday_flag,school_break_flag,season,planned_price_multiplier,active_campaign_count,maximum_planned_discount,historical_campaign_family,historical_matched_revenue_lift_pct,historical_regression_revenue_lift_pct,historical_campaign_revenue_evidence,historical_campaign_ticket_yield_evidence,historical_campaign_causal_claim_allowed,revenue_status,revenue_evidence_strength,revenue_watch_rank,revenue_upside_rank,recommended_action_code,business_action_priority,decision_confidence,business_action_rank,recommended_action,campaign_evidence_scope,short_date,horizon_bucket,selected_demand_mae,selected_demand_mape_pct,selected_demand_coverage_pct,selected_revenue_mae,selected_revenue_wape_pct,selected_revenue_coverage_pct,peak_capacity_utilization,decision_scope,decision_label,watchlist_label,action_watch_scope,demand_watch_scope
2026-01-01,1,2025-12-31,2025-12-31,sarimax_exogenous,sarimax_demand_hgb_mix_ridge_product_yield,hgb_product_mix,ridge_product_yield,1591.950000,1390.520000,1793.390000,2500,0.636800,0.717400,1571,20.950000,0.013300,on_plan,6,5,24,195655.500000,173059.320000,218251.680000,122.900000,181782.440000,13873.060000,0.076300,-0.048000,0.200600,False,True,True,peak,1.090100,0,0.000000,HOLIDAY_EARLY,8.346901,6.426830,positive_associated_net_revenue_lift,mixed_ticket_yield_evidence,False,revenue_on_plan,point_at_or_above_target_interval_crosses_target,20,11,maintain_plan,6,monitor_only,20,Maintain the current plan and refresh the forecast as new booking signals arrive.,"Historical campaign estimates are observational context, not a causal daily forecast adjustment.",Jan 1,Days 1-7,103.250000,7.520000,82.590000,12085.330000,7.510000,83.330000,0.718500,No change,Keep the current plan.,Jan 01 | Revenue On Plan | Demand gap 1.3% | Revenue gap 7.6%,Other,Other
2026-01-02,2,2025-12-31,2025-12-31,sarimax_exogenous,sarimax_demand_hgb_mix_ridge_product_yield,hgb_product_mix,ridge_product_yield,1572.140000,1370.700000,1773.570000,2500,0.628900,0.709400,1658,-85.860000,-0.051800,on_plan,6,6,2,192144.280000,169548.100000,214740.460000,122.220000,190474.170000,1670.110000,0.008800,-0.109900,0.127400,False,False,True,peak,1.089800,0,0.000000,HOLIDAY_EARLY,8.346901,6.426830,positive_associated_net_revenue_lift,mixed_ticket_yield_evidence,False,revenue_on_plan,point_at_or_above_target_interval_crosses_target,2,29,maintain_plan,6,monitor_only,2,Maintain the current plan and refresh the forecast as new booking signals arrive.,"Historical campaign estimates are observational context, not a causal daily forecast adjustment.",Jan 2,Days 1-7,103.250000,7.520000,82.590000,12085.330000,7.510000,83.330000,0.718500,No change,Keep the current plan.,Jan 02 | Revenue On Plan | Demand gap -5.2% | Revenue gap 0.9%,Top 5,Top 5
2026-01-03,3,2025-12-31,2025-12-31,sarimax_exogenous,sarimax_demand_hgb_mix_ridge_product_yield,hgb_product_mix,ridge_product_yield,1750.000000,1548.570000,1951.440000,2500,0.700000,0.780600,1712,38.000000,0.022200,on_plan,6,3,29,207138.600000,184542.420000,229734.780000,118.360000,188563.480000,18575.120000,0.098500,-0.021300,0.218300,True,False,False,off_peak,1.025500,0,0.000000,HOLIDAY_EARLY,8.346901,6.426830,positive_associated_net_revenue_lift,mixed_ticket_yield_evidence,False,revenue_on_plan,point_at_or_above_target_interval_crosses_target,29,2,maintain_plan,6,monitor_only,29,Maintain the current plan and refresh the forecast as new booking signals arrive.,"Historical campaign estimates are observational context, not a causal daily forecast adjustment.",Jan 3,Days 1-7,103.250000,7.520000,82.590000,12085.330000,7.510000,83.330000,0.718500,No change,Keep the current plan.,Jan 03 | Revenue On Plan | Demand gap 2.2% | Revenue gap 9.9%,Other,Other
2026-01-04,4,2025-12-31,2025-12-31,sarimax_exogenous,sarimax_demand_hgb_mix_ridge_product_yield,hgb_product_mix,ridge_product_yield,1515.340000,1313.900000,1716.770000,2500,0.606100,0.686700,1448,67.340000,0.046500,on_plan,6,9,30,183571.080000,160974.900000,206167.260000,121.140000,163062.900000,20508.180000,0.125800,-0.012800,0.264300,True,False,False,off_peak,1.048500,0,0.000000,HOLIDAY_EARLY,8.346901,6.426830,positive_associated_net_revenue_lift,mixed_ticket_yield_evidence,False,revenue_on_plan,point_at_or_above_target_interval_crosses_target,30,1,maintain_plan,6,monitor_only,30,Maintain the current plan and refresh the forecast as new booking signals arrive.,"Historical campaign estimates are observational context, not a causal daily forecast adjustment.",Jan 4,Days 1-7,103.250000,7.520000,82.590000,12085.330000,7.510000,83.330000,0.718500,No change,Keep the current plan.,Jan 04 | Revenue On Plan | Demand gap 4.7% | Revenue gap 12.6%,Other,Other
2026-01-05,5,2025-12-31,2025-12-31,sarimax_exogenous,sarimax_demand_hgb_mix_ridge_product_yield,hgb_product_mix,ridge_product_yield,1004.060000,802.630000,1205.500000,2350,0.427300,0.513000,1024,-19.940000,-0.019500,on_plan,6,19,11,106334.460000,83738.280000,128930.640000,105.900000,101410.040000,4924.420000,0.048600,-0.174300,0.271400,False,False,False,off_peak,0.944800,0,0.000000,HOLIDAY_EARLY,8.346901,6.426830,positive_associated_net_revenue_lift,mixed_ticket_yield_evidence,False,revenue_on_plan,point_at_or_above_target_interval_crosses_target,8,23,maintain_plan,6,monitor_only,8,Maintain the current plan and refresh the forecast as new booking signals arrive.,"Historical campaign estimates are observational context, not a causal daily forecast adjustment.",Jan 5,Days 1-7,103.250000,7.520000,82.590000,12085.330000,7.510000,83.330000,0.718500,No change,Keep the current plan.,Jan 05 | Revenue On Plan | Demand gap -2.0% | Revenue gap 4.9%,Other,Other
2026-01-06,6,2025-12-31,2025-12-31,sarimax_exogenous,sarimax_demand_hgb_mix_ridge_product_yield,hgb_product_mix,ridge_product_yield,949.740000,748.300000,1151.170000,2350,0.404100,0.489900,990,-40.260000,-0.040700,on_plan,6,24,3,99678.810000,77082.630000,122274.990000,104.950000,96642.000000,3036.810000,0.031400,-0.202400,0.265200,False,False,False,off_peak,0.931300,0,0.000000,HOLIDAY_EARLY,8.346901,6.426830,positive_associated_net_revenue_lift,mixed_ticket_yield_evidence,False,revenue_on_plan,point_at_or_above_target_interval_crosses_target,3,28,maintain_plan,6,monitor_only,3,Maintain the current plan and refresh the forecast as new booking signals arrive.,"Historical campaign estimates are observational context, not a causal daily forecast adjustment.",Jan 6,Days 1-7,103.250000,7.520000,82.590000,12085.330000,7.510000,83.330000,0.718500,No change,Keep the current plan.,Jan 06 | Revenue On Plan | Demand gap -4.1% | Revenue gap 3.1%,Top 5,Top 5
2026-01-07,7,2025-12-31,2025-12-31,sarimax_exogenous,sarimax_demand_hgb_mix_ridge_product_yield,hgb_product_mix,ridge_product_yield,958.930000,757.500000,1160.360000,2350,0.408100,0.493800,985,-26.070000,-0.026500,on_plan,6,23,6,103413.100000,80816.920000,126009.280000,107.840000,98807.350000,4605.750000,0.046600,-0.182100,0.275300,False,False,False,off_peak,0.957000,0,0.000000,HOLIDAY_EARLY,8.346901,6.426830,positive_associated_net_revenue_lift,mixed_ticket_yield_evidence,False,revenue_on_plan,point_at_or_above_target_interval_crosses_target,7,24,maintain_plan,6,monitor_only,7,Maintain the current plan and refresh the forecast as new booking signals arrive.,"Historical campaign estimates are observational context, not a causal daily forecast adjustment.",Jan 7,Days 1-7,103.250000,7.520000,82.590000,12085.330000,7.510000,83.330000,0.718500,No change,Keep the current plan.,Jan 07 | Revenue On Plan | Demand gap -2.7% | Revenue gap 4.7%,Other,Other
2026-01-08,8,2025-12-31,2025-12-31,sarimax_exogenous,sarimax_demand_hgb_mix_ridge_product_yield,hgb_product_mix,ridge_product_yield,1102.720000,965.890000,1239.550000,2350,0.469200,0.527500,1120,-17.280000,-0.015400,on_plan,6,18,13,115195.490000,98422.230000,131968.740000,104.460000,109027.130000,6168.360000,0.056600,-0.097300,0.210400,False,False,False,off_peak,0.928700,0,0.000000,HOLIDAY_EARLY,8.346901,6.426830,positive_associated_net_revenue_lift,mixed_ticket_yield_evidence,False,revenue_on_plan,point_at_or_above_target_interval_crosses_target,12,19,maintain_plan,6,monitor_only,12,Maintain the current plan and refresh the forecast as new booking signals arrive.,"Historical campaign estimates are observational context, not a causal daily forecast adjustment.",Jan 8,Days 8-14,103.250000,7.520000,82.590000,12085.330000,7.510000,83.330000,0.718500,No change,Keep the current plan.,Jan 08 | Revenue On Plan | Demand gap -1.5% | Revenue gap 5.7%,Other,Other
2026-01-09,9,2025-12-31,2025-12-31,sarimax_exogenous,sarimax_demand_hgb_mix_ridge_product_yield,hgb_product_mix,ridge_product_yield,1323.020000,1186.180000,1459.850000,2350,0.563000,0.621200,1333,-9.980000,-0.007500,on_plan,6,12,15,138109.100000,121335.840000,154882.350000,104.390000,129936.660000,8172.440000,0.062900,-0.066200,0.192000,False,False,False,off_peak,0.922700,0,0.000000,HOLIDAY_EARLY,8.346901,6.426830,positive_associated_net_revenue_lift,mixed_ticket_yield_evidence,False,revenue_on_plan,point_at_or_above_target_interval_crosses_target,15,16,maintain_plan,6,monitor_only,15,Maintain the current plan and refresh the forecast as new booking signals arrive.,"Historical campaign estimates are observational context, not a causal daily forecast adjustment.",Jan 9,Days 8-14,103.250000,7.520000,82.590000,12085.330000,7.510000,83.330000,0.718500,No change,Keep the current plan.,Jan 09 | Revenue On Plan | Demand gap -0.8% | Revenue gap 6.3%,Other,Other
2026-01-10,10,2025-12-31,2025-12-31,sarimax_exogenous,sarimax_demand_hgb_mix_ridge_product_yield,hgb_product_mix,ridge_product_yield,1773.200000,1636.360000,1910.030000,2500,0.709300,0.764000,1737,36.200000,0.020800,on_plan,6,4,28,206348.690000,189575.440000,223121.950000,116.370000,188761.170000,17587.520000,0.093200,0.004300,0.182000,True,False,False,off_peak,1.011800,0,0.000000,HOLIDAY_EARLY,8.346901,6.426830,positive_associated_net_revenue_lift,mixed_ticket_yield_evidence,False,revenue_upside,interval_consistently_above_target,27,4,maintain_plan,6,medium,27,Maintain the plan and protect pricing because the full revenue interval is above target.,"Historical campaign estimates are observational context, not a causal daily forecast adjustment.",Jan 10,Days 8-14,103.250000,7.520000,82.590000,12085.330000,7.510000,83.330000,0.718500,Review,Protect price: revenue is 9.3% above plan.,Jan 10 | Revenue Upside | Demand gap 2.1% | Revenue gap 9.3%,Other,Other
2026-01-11,11,2025-12-31,2025-12-31,sarimax_exogenous,sarimax_demand_hgb_mix_ridge_product_yield,hgb_product_mix,ridge_product_yield,1555.780000,1418.940000,1692.610000,2500,0.622300,0.677000,1532,23.780000,0.015500,on_plan,6,10,25,178326.750000,161553.500000,195100.000000,114.620000,163818.070000,14508.680000,0.088600,-0.013800,0.191000,True,False,False,off_peak,0.995600,0,0.000000,HOLIDAY_EARLY,8.346901,6.426830,positive_associated_net_revenue_lift,mixed_ticket_yield_evidence,False,revenue_on_plan,point_at_or_above_target_interval_crosses_target,25,6,maintain_plan,6,monitor_only,25,Maintain the current plan and refresh the forecast as new booking signals arrive.,"Historical campaign estimates are observational context, not a causal daily forecast adjustment.",Jan 11,Days 8-14,103.250000,7.520000,82.590000,12085.330000,7.510000,83.330000,0.718500,No change,Keep the current plan.,Jan 11 | Revenue On Plan | Demand gap 1.6% | Revenue gap 8.9%,Other,Other
2026-01-12,12,2025-12-31,2025-12-31,sarimax_exogenous,sarimax_demand_hgb_mix_ridge_product_yield,hgb_product_mix,ridge_product_yield,988.550000,851.720000,1125.380000,2350,0.420700,0.478900,1009,-20.450000,-0.020300,on_plan,6,28,10,106429.190000,89655.940000,123202.450000,107.660000,101288.880000,5140.310000,0.050700,-0.114800,0.216300,False,False,False,off_peak,0.957700,0,0.000000,HOLIDAY_EARLY,8.346901,6.426830,positive_associated_net_revenue_lift,mixed_ticket_yield_evidence,False,revenue_on_plan,point_at_or_above_target_interval_crosses_target,9,22,maintain_plan,6,monitor_only,9,Maintain the current plan and refresh the forecast as new booking signals arrive.,"Historical campaign estimates are observational context, not a causal daily forecast adjustment.",Jan 12,Days 8-14,103.250000,7.520000,82.590000,12085.330000,7.510000,83.330000,0.718500,No change,Keep the current plan.,Jan 12 | Revenue On Plan | Demand gap -2.0% | Revenue gap 5.1%,Other,Other
2026-01-13,13,2025-12-31,2025-12-31,sarimax_exogenous,sarimax_demand_hgb_mix_ridge_product_yield,hgb_product_mix,ridge_product_yield,947.230000,810.390000,1084.060000,2350,0.403100,0.461300,976,-28.770000,-0.029500,on_plan,6,29,5,100619.780000,83846.530000,117393.040000,106.230000,96472.290000,4147.490000,0.043000,-0.130900,0.216900,False,False,False,off_peak,0.943000,0,0.000000,HOLIDAY_EARLY,8.346901,6.426830,positive_associated_net_revenue_lift,mixed_ticket_yield_evidence,False,revenue_on_plan,point_at_or_above_target_interval_crosses_target,5,26,maintain_plan,6,monitor_only,5,Maintain the current plan and refresh the forecast as new booking signals arrive.,"Historical campaign estimates are observational context, not a causal daily forecast adjustment.",Jan 13,Days 8-14,103.250000,7.520000,82.590000,12085.330000,7.510000,83.330000,0.718500,No change,Keep the current plan.,Jan 13 | Revenue On Plan | Demand gap -3.0% | Revenue gap 4.3%,Top 5,Top 5
2026-01-14,14,2025-12-31,2025-12-31,sarimax_exogenous,sarimax_demand_hgb_mix_ridge_product_yield,hgb_product_mix,ridge_product_yield,996.800000,859.960000,1133.630000,2350,0.424200,0.482400,1019,-22.200000,-0.021800,on_plan,6,27,8,104164.570000,87391.310000,120937.820000,104.500000,99109.770000,5054.800000,0.051000,-0.118200,0.220200,False,False,False,off_peak,0.927900,0,0.000000,HOLIDAY_EARLY,8.346901,6.426830,positive_associated_net_revenue_lift,mixed_ticket_yield_evidence,False,revenue_on_plan,point_at_or_above_target_interval_crosses_target,10,21,maintain_plan,6,monitor_only,10,Maintain the current plan and refresh the forecast as new booking signals arrive.,"Historical campaign estimates are observational context, not a causal daily forecast adjustment.",Jan 14,Days 8-14,103.250000,7.520000,82.590000,12085.330000,7.510000,83.330000,0.718500,No change,Keep the current plan.,Jan 14 | Revenue On Plan | Demand gap -2.2% | Revenue gap 5.1%,Other,Other
2026-01-15,15,2025-12-31,2025-12-31,sarimax_exogenous,sarimax_demand_hgb_mix_ridge_product_yield,hgb_product_mix,ridge_product_yield,1059.570000,875.950000,1243.200000,2350,0.450900,0.529000,1062,-2.430000,-0.002300,on_plan,6,17,18,116432.980000,94280.260000,138585.690000,109.890000,108457.180000,7975.800000,0.073500,-0.130700,0.277800,False,False,False,off_peak,0.974300,0,0.000000,HOLIDAY_EARLY,8.346901,6.426830,positive_associated_net_revenue_lift,mixed_ticket_yield_evidence,False,revenue_on_plan,point_at_or_above_target_interval_crosses_target,18,13,maintain_plan,6,monitor_only,18,Maintain the current plan and refresh the forecast as new booking signals arrive.,"Historical campaign estimates are observational context, not a causal daily forecast adjustment.",Jan 15,Days 15-21,103.250000,7.520000,82.590000,12085.330000,7.510000,83.330000,0.718500,No change,Keep the current plan.,Jan 15 | Revenue On Plan | Demand gap -0.2% | Revenue gap 7.4%,Other,Other
2026-01-16,16,2025-12-31,2025-12-31,sarimax_exogenous,sarimax_demand_hgb_mix_ridge_product_yield,hgb_product_mix,ridge_product_yield,1264.780000,1081.150000,1448.400000,2350,0.538200,0.616300,1240,24.780000,0.020000,on_plan,6,14,27,141717.430000,119564.710000,163870.140000,112.050000,129032.450000,12684.980000,0.098300,-0.073400,0.270000,False,False,False,off_peak,0.985000,0,0.000000,HOLIDAY_EARLY,8.346901,6.426830,positive_associated_net_revenue_lift,mixed_ticket_yield_evidence,False,revenue_on_plan,point_at_or_above_target_interval_crosses_target,28,3,maintain_plan,6,monitor_only,28,Maintain the current plan and refresh the forecast as new booking signals arrive.,"Historical campaign estimates are observational context, not a causal daily forecast adjustment.",Jan 16,Days 15-21,103.250000,7.520000,82.590000,12085.330000,7.510000,83.330000,0.718500,No change,Keep the current plan.,Jan 16 | Revenue On Plan | Demand gap 2.0% | Revenue gap 9.8%,Other,Other
2026-01-17,17,2025-12-31,2025-12-31,sarimax_exogenous,sarimax_demand_hgb_mix_ridge_product_yield,hgb_product_mix,ridge_product_yield,1790.500000,1606.880000,1974.130000,2500,0.716200,0.789700,1771,19.500000,0.011000,on_plan,6,1,23,205064.230000,182911.510000,227216.940000,114.530000,189146.290000,15917.940000,0.084200,-0.033000,0.201300,True,False,False,off_peak,0.994400,0,0.000000,HOLIDAY_EARLY,8.346901,6.426830,positive_associated_net_revenue_lift,mixed_ticket_yield_evidence,False,revenue_on_plan,point_at_or_above_target_interval_crosses_target,24,7,maintain_plan,6,monitor_only,24,Maintain the current plan and refresh the forecast as new booking signals arrive.,"Historical campaign estimates are observational context, not a causal daily forecast adjustment.",Jan 17,Days 15-21,103.250000,7.520000,82.590000,12085.330000,7.510000,83.330000,0.718500,No change,Keep the current plan.,Jan 17 | Revenue On Plan | Demand gap 1.1% | Revenue gap 8.4%,Other,Other
2026-01-18,18,2025-12-31,2025-12-31,sarimax_exogenous,sarimax_demand_hgb_mix_ridge_product_yield,hgb_product_mix,ridge_product_yield,1564.070000,1380.450000,1747.700000,2500,0.625600,0.699100,1548,16.070000,0.010400,on_plan,6,7,22,177475.080000,155322.370000,199627.800000,113.470000,163982.740000,13492.340000,0.082300,-0.052800,0.217400,True,False,False,off_peak,0.986300,0,0.000000,HOLIDAY_EARLY,8.346901,6.426830,positive_associated_net_revenue_lift,mixed_ticket_yield_evidence,False,revenue_on_plan,point_at_or_above_target_interval_crosses_target,23,8,maintain_plan,6,monitor_only,23,Maintain the current plan and refresh the forecast as new booking signals arrive.,"Historical campaign estimates are observational context, not a causal daily forecast adjustment.",Jan 18,Days 15-21,103.250000,7.520000,82.590000,12085.330000,7.510000,83.330000,0.718500,No change,Keep the current plan.,Jan 18 | Revenue On Plan | Demand gap 1.0% | Revenue gap 8.2%,Other,Other
2026-01-19,19,2025-12-31,2025-12-31,sarimax_exogenous,sarimax_demand_hgb_mix_ridge_product_yield,hgb_product_mix,ridge_product_yield,1074.920000,891.300000,1258.550000,2500,0.430000,0.503400,1183,-108.080000,-0.091400,on_plan,6,20,1,138177.360000,116024.650000,160330.080000,128.550000,142430.300000,-4252.940000,-0.029900,-0.185400,0.125700,False,True,False,peak,1.120600,0,0.000000,HOLIDAY_EARLY,8.346901,6.426830,positive_associated_net_revenue_lift,mixed_ticket_yield_evidence,False,below_target_watch,point_below_target_interval_crosses_target,1,30,maintain_plan,6,monitor_only,1,"Maintain the plan; the revenue point forecast is below target, but uncertainty still includes the target.","Historical campaign estimates are observational context, not a causal daily forecast adjustment.",Jan 19,Days 15-21,103.250000,7.520000,82.590000,12085.330000,7.510000,83.330000,0.718500,Review,"Monitor revenue: forecast is 3.0% below plan, but the target remains within the forecast range.",Jan 19 | Below Target Watch | Demand gap -9.1% | Revenue gap -3.0%,Top 5,Top 5
2026-01-20,20,2025-12-31,2025-12-31,sarimax_exogenous,sarimax_demand_hgb_mix_ridge_product_yield,hgb_product_mix,ridge_product_yield,959.200000,775.580000,1142.830000,2350,0.408200,0.486300,989,-29.800000,-0.030100,on_plan,6,26,4,100695.610000,78542.900000,122848.330000,104.980000,96565.110000,4130.500000,0.042800,-0.186600,0.272200,False,False,False,off_peak,0.931500,0,0.000000,HOLIDAY_EARLY,8.346901,6.426830,positive_associated_net_revenue_lift,mixed_ticket_yield_evidence,False,revenue_on_plan,point_at_or_above_target_interval_crosses_target,4,27,maintain_plan,6,monitor_only,4,Maintain the current plan and refresh the forecast as new booking signals arrive.,"Historical campaign estimates are observational context, not a causal daily forecast adjustment.",Jan 20,Days 15-21,103.250000,7.520000,82.590000,12085.330000,7.510000,83.330000,0.718500,No change,Keep the current plan.,Jan 20 | Revenue On Plan | Demand gap -3.0% | Revenue gap 4.3%,Top 5,Top 5
2026-01-21,21,2025-12-31,2025-12-31,sarimax_exogenous,sarimax_demand_hgb_mix_ridge_product_yield,hgb_product_mix,ridge_product_yield,964.350000,780.730000,1147.980000,2350,0.410400,0.488500,976,-11.650000,-0.011900,on_plan,6,25,14,104755.540000,82602.820000,126908.250000,108.630000,98733.200000,6022.340000,0.061000,-0.163400,0.285400,False,False,False,off_peak,0.965100,0,0.000000,HOLIDAY_EARLY,8.346901,6.426830,positive_associated_net_revenue_lift,mixed_ticket_yield_evidence,False,revenue_on_plan,point_at_or_above_target_interval_crosses_target,14,17,maintain_plan,6,monitor_only,14,Maintain the current plan and refresh the forecast as new booking signals arrive.,"Historical campaign estimates are observational context, not a causal daily forecast adjustment.",Jan 21,Days 15-21,103.250000,7.520000,82.590000,12085.330000,7.510000,83.330000,0.718500,No change,Keep the current plan.,Jan 21 | Revenue On Plan | Demand gap -1.2% | Revenue gap 6.1%,Other,Other
2026-01-22,22,2025-12-31,2025-12-31,sarimax_exogenous,sarimax_demand_hgb_mix_ridge_product_yield,hgb_product_mix,ridge_product_yield,1076.910000,908.200000,1245.620000,2350,0.458300,0.530100,1085,-8.090000,-0.007500,on_plan,6,15,16,115912.870000,96440.890000,135384.840000,107.630000,108736.200000,7176.670000,0.066000,-0.113100,0.245100,False,False,False,off_peak,0.956100,0,0.000000,HOLIDAY_EARLY,8.346901,6.426830,positive_associated_net_revenue_lift,mixed_ticket_yield_evidence,False,revenue_on_plan,point_at_or_above_target_interval_crosses_target,16,15,maintain_plan,6,monitor_only,16,Maintain the current plan and refresh the forecast as new booking signals arrive.,"Historical campaign estimates are observational context, not a causal daily forecast adjustment.",Jan 22,Days 22-30,103.250000,7.520000,82.590000,12085.330000,7.510000,83.330000,0.718500,No change,Keep the current plan.,Jan 22 | Revenue On Plan | Demand gap -0.8% | Revenue gap 6.6%,Other,Other
2026-01-23,23,2025-12-31,2025-12-31,sarimax_exogenous,sarimax_demand_hgb_mix_ridge_product_yield,hgb_product_mix,ridge_product_yield,1288.770000,1120.060000,1457.480000,2350,0.548400,0.620200,1277,11.770000,0.009200,on_plan,6,13,21,139935.050000,120463.070000,159407.020000,108.580000,129456.000000,10479.050000,0.080900,-0.069500,0.231400,False,False,False,off_peak,0.959600,0,0.000000,HOLIDAY_EARLY,8.346901,6.426830,positive_associated_net_revenue_lift,mixed_ticket_yield_evidence,False,revenue_on_plan,point_at_or_above_target_interval_crosses_target,21,10,maintain_plan,6,monitor_only,21,Maintain the current plan and refresh the forecast as new booking signals arrive.,"Historical campaign estimates are observational context, not a causal daily forecast adjustment.",Jan 23,Days 22-30,103.250000,7.520000,82.590000,12085.330000,7.510000,83.330000,0.718500,No change,Keep the current plan.,Jan 23 | Revenue On Plan | Demand gap 0.9% | Revenue gap 8.1%,Other,Other
2026-01-24,24,2025-12-31,2025-12-31,sarimax_exogenous,sarimax_demand_hgb_mix_ridge_product_yield,hgb_product_mix,ridge_product_yield,1796.350000,1627.640000,1965.060000,2500,0.718500,0.786000,1781,15.350000,0.008600,on_plan,6,2,20,204695.900000,185223.930000,224167.880000,113.950000,189181.370000,15514.530000,0.082000,-0.020900,0.184900,True,False,False,off_peak,0.989000,0,0.000000,HOLIDAY_EARLY,8.346901,6.426830,positive_associated_net_revenue_lift,mixed_ticket_yield_evidence,False,revenue_on_plan,point_at_or_above_target_interval_crosses_target,22,9,maintain_plan,6,monitor_only,22,Maintain the current plan and refresh the forecast as new booking signals arrive.,"Historical campaign estimates are observational context, not a causal daily forecast adjustment.",Jan 24,Days 22-30,103.250000,7.520000,82.590000,12085.330000,7.510000,83.330000,0.718500,No change,Keep the current plan.,Jan 24 | Revenue On Plan | Demand gap 0.9% | Revenue gap 8.2%,Other,Other
2026-01-25,25,2025-12-31,2025-12-31,sarimax_exogenous,sarimax_demand_hgb_mix_ridge_product_yield,hgb_product_mix,ridge_product_yield,1551.970000,1383.260000,1720.680000,2500,0.620800,0.688300,1525,26.970000,0.017700,on_plan,6,8,26,178623.970000,159152.000000,198095.950000,115.090000,163839.370000,14784.600000,0.090200,-0.028600,0.209100,True,False,False,off_peak,1.000300,0,0.000000,HOLIDAY_EARLY,8.346901,6.426830,positive_associated_net_revenue_lift,mixed_ticket_yield_evidence,False,revenue_on_plan,point_at_or_above_target_interval_crosses_target,26,5,maintain_plan,6,monitor_only,26,Maintain the current plan and refresh the forecast as new booking signals arrive.,"Historical campaign estimates are observational context, not a causal daily forecast adjustment.",Jan 25,Days 22-30,103.250000,7.520000,82.590000,12085.330000,7.510000,83.330000,0.718500,No change,Keep the current plan.,Jan 25 | Revenue On Plan | Demand gap 1.8% | Revenue gap 9.0%,Other,Other
2026-01-26,26,2025-12-31,2025-12-31,sarimax_exogenous,sarimax_demand_hgb_mix_ridge_product_yield,hgb_product_mix,ridge_product_yield,1010.370000,841.660000,1179.080000,2350,0.429900,0.501700,1036,-25.630000,-0.024700,on_plan,6,21,7,105965.740000,86493.760000,125437.710000,104.880000,101545.080000,4420.660000,0.043500,-0.148200,0.235300,False,False,False,off_peak,0.935100,0,0.000000,HOLIDAY_EARLY,8.346901,6.426830,positive_associated_net_revenue_lift,mixed_ticket_yield_evidence,False,revenue_on_plan,point_at_or_above_target_interval_crosses_target,6,25,maintain_plan,6,monitor_only,6,Maintain the current plan and refresh the forecast as new booking signals arrive.,"Historical campaign estimates are observational context, not a causal daily forecast adjustment.",Jan 26,Days 22-30,103.250000,7.520000,82.590000,12085.330000,7.510000,83.330000,0.718500,No change,Keep the current plan.,Jan 26 | Revenue On Plan | Demand gap -2.5% | Revenue gap 4.4%,Other,Other
2026-01-27,27,2025-12-31,2025-12-31,sarimax_exogenous,sarimax_demand_hgb_mix_ridge_product_yield,hgb_product_mix,ridge_product_yield,914.010000,745.300000,1082.720000,2350,0.388900,0.460700,934,-19.990000,-0.021400,on_plan,6,30,9,101608.230000,82136.250000,121080.210000,111.170000,96109.600000,5498.630000,0.057200,-0.145400,0.259800,False,False,False,off_peak,0.981700,0,0.000000,HOLIDAY_EARLY,8.346901,6.426830,positive_associated_net_revenue_lift,mixed_ticket_yield_evidence,False,revenue_on_plan,point_at_or_above_target_interval_crosses_target,13,18,maintain_plan,6,monitor_only,13,Maintain the current plan and refresh the forecast as new booking signals arrive.,"Historical campaign estimates are observational context, not a causal daily forecast adjustment.",Jan 27,Days 22-30,103.250000,7.520000,82.590000,12085.330000,7.510000,83.330000,0.718500,No change,Keep the current plan.,Jan 27 | Revenue On Plan | Demand gap -2.1% | Revenue gap 5.7%,Other,Other
2026-01-28,28,2025-12-31,2025-12-31,sarimax_exogenous,sarimax_demand_hgb_mix_ridge_product_yield,hgb_product_mix,ridge_product_yield,995.970000,827.260000,1164.680000,2350,0.423800,0.495600,1014,-18.030000,-0.017800,on_plan,6,22,12,104510.850000,85038.870000,123982.830000,104.930000,99027.350000,5483.500000,0.055400,-0.141300,0.252000,False,False,False,off_peak,0.931700,0,0.000000,HOLIDAY_EARLY,8.346901,6.426830,positive_associated_net_revenue_lift,mixed_ticket_yield_evidence,False,revenue_on_plan,point_at_or_above_target_interval_crosses_target,11,20,maintain_plan,6,monitor_only,11,Maintain the current plan and refresh the forecast as new booking signals arrive.,"Historical campaign estimates are observational context, not a causal daily forecast adjustment.",Jan 28,Days 22-30,103.250000,7.520000,82.590000,12085.330000,7.510000,83.330000,0.718500,No change,Keep the current plan.,Jan 28 | Revenue On Plan | Demand gap -1.8% | Revenue gap 5.5%,Other,Other
2026-01-29,29,2025-12-31,2025-12-31,sarimax_exogenous,sarimax_demand_hgb_mix_ridge_product_yield,hgb_product_mix,ridge_product_yield,1075.000000,906.290000,1243.710000,2350,0.457400,0.529200,1081,-6.000000,-0.005600,on_plan,6,16,17,115998.240000,96526.270000,135470.220000,107.910000,108675.260000,7322.980000,0.067400,-0.111800,0.246600,False,False,False,off_peak,0.959100,0,0.000000,HOLIDAY_EARLY,8.346901,6.426830,positive_associated_net_revenue_lift,mixed_ticket_yield_evidence,False,revenue_on_plan,point_at_or_above_target_interval_crosses_target,17,14,maintain_plan,6,monitor_only,17,Maintain the current plan and refresh the forecast as new booking signals arrive.,"Historical campaign estimates are observational context, not a causal daily forecast adjustment.",Jan 29,Days 22-30,103.250000,7.520000,82.590000,12085.330000,7.510000,83.330000,0.718500,No change,Keep the current plan.,Jan 29 | Revenue On Plan | Demand gap -0.6% | Revenue gap 6.7%,Other,Other
2026-01-30,30,2025-12-31,2025-12-31,sarimax_exogenous,sarimax_demand_hgb_mix_ridge_product_yield,hgb_product_mix,ridge_product_yield,1305.970000,1137.260000,1474.680000,2350,0.555700,0.627500,1303,2.970000,0.002300,on_plan,6,11,19,139199.760000,119727.790000,158671.740000,106.590000,129641.530000,9558.230000,0.073700,-0.076500,0.223900,False,False,False,off_peak,0.941800,0,0.000000,HOLIDAY_EARLY,8.346901,6.426830,positive_associated_net_revenue_lift,mixed_ticket_yield_evidence,False,revenue_on_plan,point_at_or_above_target_interval_crosses_target,19,12,maintain_plan,6,monitor_only,19,Maintain the current plan and refresh the forecast as new booking signals arrive.,"Historical campaign estimates are observational context, not a causal daily forecast adjustment.",Jan 30,Days 22-30,103.250000,7.520000,82.590000,12085.330000,7.510000,83.330000,0.718500,No change,Keep the current plan.,Jan 30 | Revenue On Plan | Demand gap 0.2% | Revenue gap 7.4%,Other,Other
