target_date,product_name,ticket_tier,base_price,predicted_product_share,predicted_product_demand,predicted_product_net_yield,predicted_product_net_revenue
2026-01-01,Adult Day Pass,standard,119.000000,0.416643,663.274300,128.646900,85328.200000
2026-01-01,Child Day Pass,standard,99.000000,0.375115,597.164400,107.122400,63969.670000
2026-01-01,Evening Pass,value,79.000000,0.058246,92.724200,86.353600,8007.080000
2026-01-01,Flexible Day Pass,premium,149.000000,0.149997,238.787000,160.605700,38350.550000
2026-01-02,Adult Day Pass,standard,119.000000,0.442108,695.056300,128.518800,89327.830000
2026-01-02,Child Day Pass,standard,99.000000,0.376716,592.250100,106.994300,63367.390000
2026-01-02,Evening Pass,value,79.000000,0.053615,84.289800,86.225600,7267.940000
2026-01-02,Flexible Day Pass,premium,149.000000,0.127561,200.543700,160.469400,32181.120000
2026-01-03,Adult Day Pass,standard,119.000000,0.538217,941.879500,121.162000,114119.990000
2026-01-03,Child Day Pass,standard,99.000000,0.239154,418.520300,100.700700,42145.280000
2026-01-03,Evening Pass,value,79.000000,0.066130,115.727200,80.995200,9373.350000
2026-01-03,Flexible Day Pass,premium,149.000000,0.156499,273.873000,151.530000,41499.980000
2026-01-04,Adult Day Pass,standard,119.000000,0.531493,805.392300,123.850900,99748.590000
2026-01-04,Child Day Pass,standard,99.000000,0.240579,364.558500,103.010500,37553.350000
2026-01-04,Evening Pass,value,79.000000,0.066053,100.092700,82.925900,8300.270000
2026-01-04,Flexible Day Pass,premium,149.000000,0.161876,245.296500,154.787700,37968.880000
2026-01-05,Adult Day Pass,standard,119.000000,0.536488,538.666100,111.744900,60193.200000
2026-01-05,Child Day Pass,standard,99.000000,0.219719,220.610800,92.618900,20432.730000
2026-01-05,Evening Pass,value,79.000000,0.129866,130.393600,74.240400,9680.470000
2026-01-05,Flexible Day Pass,premium,149.000000,0.113927,114.389500,140.118300,16028.060000
2026-01-06,Adult Day Pass,standard,119.000000,0.540542,513.374000,110.217300,56582.710000
2026-01-06,Child Day Pass,standard,99.000000,0.220020,208.962100,91.313800,19081.120000
2026-01-06,Evening Pass,value,79.000000,0.120088,114.052700,73.157900,8343.860000
2026-01-06,Flexible Day Pass,premium,149.000000,0.119350,113.351200,138.252800,15671.120000
2026-01-07,Adult Day Pass,standard,119.000000,0.539950,517.774300,113.235500,58630.430000
2026-01-07,Child Day Pass,standard,99.000000,0.221310,212.221200,93.903400,19928.290000
2026-01-07,Evening Pass,value,79.000000,0.119552,114.642100,75.327100,8635.660000
2026-01-07,Flexible Day Pass,premium,149.000000,0.119187,114.292400,141.905600,16218.730000
2026-01-08,Adult Day Pass,standard,119.000000,0.538884,594.237600,109.930600,65324.920000
2026-01-08,Child Day Pass,standard,99.000000,0.222821,245.709500,91.060100,22374.320000
2026-01-08,Evening Pass,value,79.000000,0.122039,134.574900,72.953600,9817.720000
2026-01-08,Flexible Day Pass,premium,149.000000,0.116256,128.198000,137.900100,17678.520000
2026-01-09,Adult Day Pass,standard,119.000000,0.556027,735.634700,109.227100,80351.210000
2026-01-09,Child Day Pass,standard,99.000000,0.222903,294.905700,90.463700,26678.250000
2026-01-09,Evening Pass,value,79.000000,0.105352,139.382700,72.447800,10097.980000
2026-01-09,Flexible Day Pass,premium,149.000000,0.115718,153.096900,137.048200,20981.660000
2026-01-10,Adult Day Pass,standard,119.000000,0.536611,951.518700,119.574800,113777.670000
2026-01-10,Child Day Pass,standard,99.000000,0.237133,420.484400,99.344300,41772.720000
2026-01-10,Evening Pass,value,79.000000,0.074576,132.237400,79.861300,10560.660000
2026-01-10,Flexible Day Pass,premium,149.000000,0.151680,268.959400,149.604900,40237.640000
2026-01-11,Adult Day Pass,standard,119.000000,0.534699,831.873500,117.726300,97933.400000
2026-01-11,Child Day Pass,standard,99.000000,0.238835,371.575200,97.751300,36321.960000
2026-01-11,Evening Pass,value,79.000000,0.073265,113.984900,78.540300,8952.410000
2026-01-11,Flexible Day Pass,premium,149.000000,0.153201,238.346400,147.344300,35118.980000
2026-01-12,Adult Day Pass,standard,119.000000,0.537076,530.926900,113.243200,60123.860000
2026-01-12,Child Day Pass,standard,99.000000,0.217646,215.153900,93.894600,20201.790000
2026-01-12,Evening Pass,value,79.000000,0.126183,124.738700,75.310100,9394.080000
2026-01-12,Flexible Day Pass,premium,149.000000,0.119094,117.730500,141.929800,16709.460000
2026-01-13,Adult Day Pass,standard,119.000000,0.541495,512.919800,111.578900,57231.030000
2026-01-13,Child Day Pass,standard,99.000000,0.218660,207.121700,92.477600,19154.100000
2026-01-13,Evening Pass,value,79.000000,0.121182,114.787400,74.132000,8509.420000
2026-01-13,Flexible Day Pass,premium,149.000000,0.118663,112.401100,139.902800,15725.230000
2026-01-14,Adult Day Pass,standard,119.000000,0.539419,537.692700,109.866300,59074.320000
2026-01-14,Child Day Pass,standard,99.000000,0.221831,221.121300,91.012300,20124.750000
2026-01-14,Evening Pass,value,79.000000,0.121080,120.692500,72.914000,8800.180000
2026-01-14,Flexible Day Pass,premium,149.000000,0.117670,117.293500,137.819400,16165.310000
2026-01-15,Adult Day Pass,standard,119.000000,0.538322,570.389300,115.207900,65713.380000
2026-01-15,Child Day Pass,standard,99.000000,0.222292,235.533900,95.595600,22516.000000
2026-01-15,Evening Pass,value,79.000000,0.117307,124.294800,76.730800,9537.240000
2026-01-15,Flexible Day Pass,premium,149.000000,0.122080,129.352000,144.306600,18666.350000
2026-01-16,Adult Day Pass,standard,119.000000,0.556074,703.311900,116.449600,81900.370000
2026-01-16,Child Day Pass,standard,99.000000,0.222019,280.804700,96.655900,27141.430000
2026-01-16,Evening Pass,value,79.000000,0.095634,120.956000,77.618000,9388.370000
2026-01-16,Flexible Day Pass,premium,149.000000,0.126273,159.707400,145.812000,23287.260000
2026-01-17,Adult Day Pass,standard,119.000000,0.538802,964.725700,117.559200,113412.390000
2026-01-17,Child Day Pass,standard,99.000000,0.235721,422.058900,97.617200,41200.190000
2026-01-17,Evening Pass,value,79.000000,0.072796,130.341400,78.422700,10221.730000
2026-01-17,Flexible Day Pass,premium,149.000000,0.152680,273.374000,147.160700,40229.910000
2026-01-18,Adult Day Pass,standard,119.000000,0.535748,837.946600,116.645900,97743.040000
2026-01-18,Child Day Pass,standard,99.000000,0.229064,358.272300,96.827500,34690.610000
2026-01-18,Evening Pass,value,79.000000,0.081292,127.146100,77.773100,9888.550000
2026-01-18,Flexible Day Pass,premium,149.000000,0.153897,240.705000,146.041300,35152.880000
2026-01-19,Adult Day Pass,standard,119.000000,0.476912,512.642400,132.283200,67813.970000
2026-01-19,Child Day Pass,standard,99.000000,0.289651,311.351700,110.255900,34328.360000
2026-01-19,Evening Pass,value,79.000000,0.065693,70.614400,88.984400,6283.580000
2026-01-19,Flexible Day Pass,premium,149.000000,0.167744,180.311600,165.000300,29751.460000
2026-01-20,Adult Day Pass,standard,119.000000,0.540542,518.487500,110.245100,57160.700000
2026-01-20,Child Day Pass,standard,99.000000,0.220020,211.043500,91.333300,19275.300000
2026-01-20,Evening Pass,value,79.000000,0.120088,115.188800,73.177400,8429.210000
2026-01-20,Flexible Day Pass,premium,149.000000,0.119350,114.480300,138.280500,15830.390000
2026-01-21,Adult Day Pass,standard,119.000000,0.539549,520.313700,114.178400,59408.590000
2026-01-21,Child Day Pass,standard,99.000000,0.219350,211.529800,94.706200,20033.180000
2026-01-21,Evening Pass,value,79.000000,0.122884,118.503000,75.998000,9005.990000
2026-01-21,Flexible Day Pass,premium,149.000000,0.118218,114.003500,143.046300,16307.780000
2026-01-22,Adult Day Pass,standard,119.000000,0.539107,580.570000,113.104000,65664.760000
2026-01-22,Child Day Pass,standard,99.000000,0.222256,239.350000,93.780100,22446.270000
2026-01-22,Evening Pass,value,79.000000,0.120402,129.662500,75.220300,9753.250000
2026-01-22,Flexible Day Pass,premium,149.000000,0.118234,127.327500,141.749300,18048.590000
2026-01-23,Adult Day Pass,standard,119.000000,0.548935,707.451100,113.500600,80296.110000
2026-01-23,Child Day Pass,standard,99.000000,0.223959,288.631800,94.127200,27168.120000
2026-01-23,Evening Pass,value,79.000000,0.106517,137.276000,75.509700,10365.670000
2026-01-23,Flexible Day Pass,premium,149.000000,0.120589,155.411100,142.236600,22105.140000
2026-01-24,Adult Day Pass,standard,119.000000,0.541366,972.482700,116.935500,113717.750000
2026-01-24,Child Day Pass,standard,99.000000,0.227936,409.453500,97.075900,39748.060000
2026-01-24,Evening Pass,value,79.000000,0.076791,137.943900,77.972100,10755.770000
2026-01-24,Flexible Day Pass,premium,149.000000,0.153906,276.469800,146.396900,40474.310000
2026-01-25,Adult Day Pass,standard,119.000000,0.533897,828.592500,118.270900,97998.360000
2026-01-25,Child Day Pass,standard,99.000000,0.236956,367.749300,98.221700,36120.950000
2026-01-25,Evening Pass,value,79.000000,0.075835,117.694000,78.928300,9289.380000
2026-01-25,Flexible Day Pass,premium,149.000000,0.153311,237.934300,148.004200,35215.280000
2026-01-26,Adult Day Pass,standard,119.000000,0.536883,542.450900,110.623900,60008.050000
2026-01-26,Child Day Pass,standard,99.000000,0.220435,222.721200,91.646200,20411.560000
2026-01-26,Evening Pass,value,79.000000,0.128421,129.752300,73.432600,9528.050000
2026-01-26,Flexible Day Pass,premium,149.000000,0.114261,115.445500,138.750100,16018.070000
2026-01-27,Adult Day Pass,standard,119.000000,0.545262,498.374500,116.057500,57840.090000
2026-01-27,Child Day Pass,standard,99.000000,0.217251,198.569700,96.321500,19126.530000
2026-01-27,Evening Pass,value,79.000000,0.111109,101.554900,77.333100,7853.560000
2026-01-27,Flexible Day Pass,premium,149.000000,0.126378,115.510900,145.337500,16788.060000
2026-01-28,Adult Day Pass,standard,119.000000,0.540225,538.048200,110.304200,59348.990000
2026-01-28,Child Day Pass,standard,99.000000,0.221603,220.709500,91.392500,20171.190000
2026-01-28,Evening Pass,value,79.000000,0.120683,120.196700,73.228300,8801.800000
2026-01-28,Flexible Day Pass,premium,149.000000,0.117489,117.015600,138.347900,16188.870000
2026-01-29,Adult Day Pass,standard,119.000000,0.539034,579.461600,113.445500,65737.300000
2026-01-29,Child Day Pass,standard,99.000000,0.222370,239.047700,94.080400,22489.710000
2026-01-29,Evening Pass,value,79.000000,0.121259,130.353900,75.471100,9837.960000
2026-01-29,Flexible Day Pass,premium,149.000000,0.117336,126.136700,142.173300,17933.270000
2026-01-30,Adult Day Pass,standard,119.000000,0.553725,723.148200,111.436700,80585.230000
2026-01-30,Child Day Pass,standard,99.000000,0.221284,288.990200,92.360100,26691.150000
2026-01-30,Evening Pass,value,79.000000,0.106463,139.037400,74.031000,10293.080000
2026-01-30,Flexible Day Pass,premium,149.000000,0.118528,154.794200,139.735900,21630.300000
