target_date,forecast_date,forecast_horizon_days,series_name,series_order,net_revenue_dollars,series_scope
2026-01-01,Jan 1,1,Forecast,1,195655.500000,Primary
2026-01-01,Jan 1,1,Low estimate,2,173059.320000,Uncertainty range
2026-01-01,Jan 1,1,High estimate,3,218251.680000,Uncertainty range
2026-01-01,Jan 1,1,Plan,4,181782.440000,Primary
2026-01-02,Jan 2,2,Forecast,1,192144.280000,Primary
2026-01-02,Jan 2,2,Low estimate,2,169548.100000,Uncertainty range
2026-01-02,Jan 2,2,High estimate,3,214740.460000,Uncertainty range
2026-01-02,Jan 2,2,Plan,4,190474.170000,Primary
2026-01-03,Jan 3,3,Forecast,1,207138.600000,Primary
2026-01-03,Jan 3,3,Low estimate,2,184542.420000,Uncertainty range
2026-01-03,Jan 3,3,High estimate,3,229734.780000,Uncertainty range
2026-01-03,Jan 3,3,Plan,4,188563.480000,Primary
2026-01-04,Jan 4,4,Forecast,1,183571.080000,Primary
2026-01-04,Jan 4,4,Low estimate,2,160974.900000,Uncertainty range
2026-01-04,Jan 4,4,High estimate,3,206167.260000,Uncertainty range
2026-01-04,Jan 4,4,Plan,4,163062.900000,Primary
2026-01-05,Jan 5,5,Forecast,1,106334.460000,Primary
2026-01-05,Jan 5,5,Low estimate,2,83738.280000,Uncertainty range
2026-01-05,Jan 5,5,High estimate,3,128930.640000,Uncertainty range
2026-01-05,Jan 5,5,Plan,4,101410.040000,Primary
2026-01-06,Jan 6,6,Forecast,1,99678.810000,Primary
2026-01-06,Jan 6,6,Low estimate,2,77082.630000,Uncertainty range
2026-01-06,Jan 6,6,High estimate,3,122274.990000,Uncertainty range
2026-01-06,Jan 6,6,Plan,4,96642.000000,Primary
2026-01-07,Jan 7,7,Forecast,1,103413.100000,Primary
2026-01-07,Jan 7,7,Low estimate,2,80816.920000,Uncertainty range
2026-01-07,Jan 7,7,High estimate,3,126009.280000,Uncertainty range
2026-01-07,Jan 7,7,Plan,4,98807.350000,Primary
2026-01-08,Jan 8,8,Forecast,1,115195.490000,Primary
2026-01-08,Jan 8,8,Low estimate,2,98422.230000,Uncertainty range
2026-01-08,Jan 8,8,High estimate,3,131968.740000,Uncertainty range
2026-01-08,Jan 8,8,Plan,4,109027.130000,Primary
2026-01-09,Jan 9,9,Forecast,1,138109.100000,Primary
2026-01-09,Jan 9,9,Low estimate,2,121335.840000,Uncertainty range
2026-01-09,Jan 9,9,High estimate,3,154882.350000,Uncertainty range
2026-01-09,Jan 9,9,Plan,4,129936.660000,Primary
2026-01-10,Jan 10,10,Forecast,1,206348.690000,Primary
2026-01-10,Jan 10,10,Low estimate,2,189575.440000,Uncertainty range
2026-01-10,Jan 10,10,High estimate,3,223121.950000,Uncertainty range
2026-01-10,Jan 10,10,Plan,4,188761.170000,Primary
2026-01-11,Jan 11,11,Forecast,1,178326.750000,Primary
2026-01-11,Jan 11,11,Low estimate,2,161553.500000,Uncertainty range
2026-01-11,Jan 11,11,High estimate,3,195100.000000,Uncertainty range
2026-01-11,Jan 11,11,Plan,4,163818.070000,Primary
2026-01-12,Jan 12,12,Forecast,1,106429.190000,Primary
2026-01-12,Jan 12,12,Low estimate,2,89655.940000,Uncertainty range
2026-01-12,Jan 12,12,High estimate,3,123202.450000,Uncertainty range
2026-01-12,Jan 12,12,Plan,4,101288.880000,Primary
2026-01-13,Jan 13,13,Forecast,1,100619.780000,Primary
2026-01-13,Jan 13,13,Low estimate,2,83846.530000,Uncertainty range
2026-01-13,Jan 13,13,High estimate,3,117393.040000,Uncertainty range
2026-01-13,Jan 13,13,Plan,4,96472.290000,Primary
2026-01-14,Jan 14,14,Forecast,1,104164.570000,Primary
2026-01-14,Jan 14,14,Low estimate,2,87391.310000,Uncertainty range
2026-01-14,Jan 14,14,High estimate,3,120937.820000,Uncertainty range
2026-01-14,Jan 14,14,Plan,4,99109.770000,Primary
2026-01-15,Jan 15,15,Forecast,1,116432.980000,Primary
2026-01-15,Jan 15,15,Low estimate,2,94280.260000,Uncertainty range
2026-01-15,Jan 15,15,High estimate,3,138585.690000,Uncertainty range
2026-01-15,Jan 15,15,Plan,4,108457.180000,Primary
2026-01-16,Jan 16,16,Forecast,1,141717.430000,Primary
2026-01-16,Jan 16,16,Low estimate,2,119564.710000,Uncertainty range
2026-01-16,Jan 16,16,High estimate,3,163870.140000,Uncertainty range
2026-01-16,Jan 16,16,Plan,4,129032.450000,Primary
2026-01-17,Jan 17,17,Forecast,1,205064.230000,Primary
2026-01-17,Jan 17,17,Low estimate,2,182911.510000,Uncertainty range
2026-01-17,Jan 17,17,High estimate,3,227216.940000,Uncertainty range
2026-01-17,Jan 17,17,Plan,4,189146.290000,Primary
2026-01-18,Jan 18,18,Forecast,1,177475.080000,Primary
2026-01-18,Jan 18,18,Low estimate,2,155322.370000,Uncertainty range
2026-01-18,Jan 18,18,High estimate,3,199627.800000,Uncertainty range
2026-01-18,Jan 18,18,Plan,4,163982.740000,Primary
2026-01-19,Jan 19,19,Forecast,1,138177.360000,Primary
2026-01-19,Jan 19,19,Low estimate,2,116024.650000,Uncertainty range
2026-01-19,Jan 19,19,High estimate,3,160330.080000,Uncertainty range
2026-01-19,Jan 19,19,Plan,4,142430.300000,Primary
2026-01-20,Jan 20,20,Forecast,1,100695.610000,Primary
2026-01-20,Jan 20,20,Low estimate,2,78542.900000,Uncertainty range
2026-01-20,Jan 20,20,High estimate,3,122848.330000,Uncertainty range
2026-01-20,Jan 20,20,Plan,4,96565.110000,Primary
2026-01-21,Jan 21,21,Forecast,1,104755.540000,Primary
2026-01-21,Jan 21,21,Low estimate,2,82602.820000,Uncertainty range
2026-01-21,Jan 21,21,High estimate,3,126908.250000,Uncertainty range
2026-01-21,Jan 21,21,Plan,4,98733.200000,Primary
2026-01-22,Jan 22,22,Forecast,1,115912.870000,Primary
2026-01-22,Jan 22,22,Low estimate,2,96440.890000,Uncertainty range
2026-01-22,Jan 22,22,High estimate,3,135384.840000,Uncertainty range
2026-01-22,Jan 22,22,Plan,4,108736.200000,Primary
2026-01-23,Jan 23,23,Forecast,1,139935.050000,Primary
2026-01-23,Jan 23,23,Low estimate,2,120463.070000,Uncertainty range
2026-01-23,Jan 23,23,High estimate,3,159407.020000,Uncertainty range
2026-01-23,Jan 23,23,Plan,4,129456.000000,Primary
2026-01-24,Jan 24,24,Forecast,1,204695.900000,Primary
2026-01-24,Jan 24,24,Low estimate,2,185223.930000,Uncertainty range
2026-01-24,Jan 24,24,High estimate,3,224167.880000,Uncertainty range
2026-01-24,Jan 24,24,Plan,4,189181.370000,Primary
2026-01-25,Jan 25,25,Forecast,1,178623.970000,Primary
2026-01-25,Jan 25,25,Low estimate,2,159152.000000,Uncertainty range
2026-01-25,Jan 25,25,High estimate,3,198095.950000,Uncertainty range
2026-01-25,Jan 25,25,Plan,4,163839.370000,Primary
2026-01-26,Jan 26,26,Forecast,1,105965.740000,Primary
2026-01-26,Jan 26,26,Low estimate,2,86493.760000,Uncertainty range
2026-01-26,Jan 26,26,High estimate,3,125437.710000,Uncertainty range
2026-01-26,Jan 26,26,Plan,4,101545.080000,Primary
2026-01-27,Jan 27,27,Forecast,1,101608.230000,Primary
2026-01-27,Jan 27,27,Low estimate,2,82136.250000,Uncertainty range
2026-01-27,Jan 27,27,High estimate,3,121080.210000,Uncertainty range
2026-01-27,Jan 27,27,Plan,4,96109.600000,Primary
2026-01-28,Jan 28,28,Forecast,1,104510.850000,Primary
2026-01-28,Jan 28,28,Low estimate,2,85038.870000,Uncertainty range
2026-01-28,Jan 28,28,High estimate,3,123982.830000,Uncertainty range
2026-01-28,Jan 28,28,Plan,4,99027.350000,Primary
2026-01-29,Jan 29,29,Forecast,1,115998.240000,Primary
2026-01-29,Jan 29,29,Low estimate,2,96526.270000,Uncertainty range
2026-01-29,Jan 29,29,High estimate,3,135470.220000,Uncertainty range
2026-01-29,Jan 29,29,Plan,4,108675.260000,Primary
2026-01-30,Jan 30,30,Forecast,1,139199.760000,Primary
2026-01-30,Jan 30,30,Low estimate,2,119727.790000,Uncertainty range
2026-01-30,Jan 30,30,High estimate,3,158671.740000,Uncertainty range
2026-01-30,Jan 30,30,Plan,4,129641.530000,Primary
